<?xml version="1.0" encoding="UTF-8"?>
<TrackingData>
    <Sensors>
        <Sensor subtype="ML3D" type="FeatureBasedSensorSource">
            <SensorID>FeatureBasedSensorSource_0</SensorID>
            <Parameters>
                <featureorientationassignment>regular</featureorientationassignment>
            </Parameters>
            <SensorCOS>
                <SensorCosID>4a48308ef0f050ce170ca975e8ced38d</SensorCosID>
                <parameters>
                    <minmatches>0</minmatches>
                    <numextensiblefeatures>0</numextensiblefeatures>
                    <mintriangulationangle>6</mintriangulationangle>
                    <map>4a48308ef0f050ce170ca975e8ced38d.f3b</map>
                    <MinMatches>15</MinMatches>
                    <DesiredMatchesRatioExtensible>0.35</DesiredMatchesRatioExtensible>
                    <NumExtensibleFeatures>250</NumExtensibleFeatures>
                </parameters>
            </SensorCOS>
            <SensorCOS>
                <SensorCosID>7ca01515e00f6dc10e43f596f010891a</SensorCosID>
                <parameters>
                    <minmatches>0</minmatches>
                    <numextensiblefeatures>0</numextensiblefeatures>
                    <mintriangulationangle>6</mintriangulationangle>
                    <map>7ca01515e00f6dc10e43f596f010891a.f3b</map>
                    <MinMatches>15</MinMatches>
                    <DesiredMatchesRatioExtensible>0.35</DesiredMatchesRatioExtensible>
                    <NumExtensibleFeatures>250</NumExtensibleFeatures>
                </parameters>
            </SensorCOS>
        </Sensor>
    </Sensors>
    <Connections>
        <COS>
            <Name>watch_1</Name>
            <Fuser type="SmoothingFuser">
                <Parameters>
                    <AlphaRotation>0.5</AlphaRotation>
                    <AlphaTranslation>0.8</AlphaTranslation>
                    <GammaRotation>0.5</GammaRotation>
                    <GammaTranslation>0.8</GammaTranslation>
                    <KeepPoseForNumberOfFrames>0</KeepPoseForNumberOfFrames>
                </Parameters>
            </Fuser>
            <SensorSource trigger="1">
                <SensorID>FeatureBasedSensorSource_0</SensorID>
                <SensorCosID>4a48308ef0f050ce170ca975e8ced38d</SensorCosID>
                <HandEyeCalibration>
                    <TranslationOffset>
                        <x>0</x>
                        <y>0</y>
                        <z>0</z>
                    </TranslationOffset>
                    <RotationOffset>
                        <x>0</x>
                        <y>0</y>
                        <z>0</z>
                        <w>1</w>
                    </RotationOffset>
                </HandEyeCalibration>
                <COSOffset>
                    <TranslationOffset>
                        <x>0</x>
                        <y>0</y>
                        <z>0</z>
                    </TranslationOffset>
                    <RotationOffset>
                        <x>0</x>
                        <y>0</y>
                        <z>0</z>
                        <w>1</w>
                    </RotationOffset>
                </COSOffset>
            </SensorSource>
        </COS>
        <COS>
            <Name>keyboard_2</Name>
            <Fuser type="SmoothingFuser">
                <Parameters>
                    <AlphaRotation>0.5</AlphaRotation>
                    <AlphaTranslation>0.8</AlphaTranslation>
                    <GammaRotation>0.5</GammaRotation>
                    <GammaTranslation>0.8</GammaTranslation>
                    <KeepPoseForNumberOfFrames>0</KeepPoseForNumberOfFrames>
                </Parameters>
            </Fuser>
            <SensorSource trigger="1">
                <SensorID>FeatureBasedSensorSource_0</SensorID>
                <SensorCosID>7ca01515e00f6dc10e43f596f010891a</SensorCosID>
                <HandEyeCalibration>
                    <TranslationOffset>
                        <x>0</x>
                        <y>0</y>
                        <z>0</z>
                    </TranslationOffset>
                    <RotationOffset>
                        <x>0</x>
                        <y>0</y>
                        <z>0</z>
                        <w>1</w>
                    </RotationOffset>
                </HandEyeCalibration>
                <COSOffset>
                    <TranslationOffset>
                        <x>0</x>
                        <y>0</y>
                        <z>0</z>
                    </TranslationOffset>
                    <RotationOffset>
                        <x>0</x>
                        <y>0</y>
                        <z>0</z>
                        <w>1</w>
                    </RotationOffset>
                </COSOffset>
            </SensorSource>
        </COS>
    </Connections>
</TrackingData>
